[
  {
    "author": "Pierre",
    "content": "lorem",
    "date": "2024-11-27",
    "image": "https://picsum.photos/id/237/200/300",
    "title1": "test",
    "title2": "Sous test"
  },
  {
    "author": "Marie",
    "content": "lorem2",
    "date": "2024-11-28",
    "image": "https://picsum.photos/id/16/200/300",
    "title1": "test2",
    "title2": "Sous test2"
  },
  {
    "author": "Marie",
    "content": "lorem3",
    "date": "2024-11-29",
    "image": "https://picsum.photos/id/17/200/300",
    "title1": "test3",
    "title2": "Sous test3"
  },
  {
    "author": "Greg",
    "content": "lorem5",
    "date": "2024-11-15",
    "image": "https://picsum.photos/id/28/200/300",
    "title1": "test5",
    "title2": "Sous test5"
  },
  {
    "author": "Olivier",
    "content": "lorem5",
    "date": "2024-11-14",
    "image": "https://picsum.photos/id/27/200/300",
    "title1": "test4",
    "title2": "Sous test4"
  },
  {
    "author": "Valérie",
    "content": "test cache",
    "date": "2024-11-28",
    "image": "https://picsum.photos/id/32/200/300",
    "title1": "test Valérie",
    "title2": "Sous test Valérie"
  }
]